{
  "best_model": "logistic_regression",
  "metrics": {
    "accuracy": 0.995,
    "roc_auc": 0.9999,
    "f1_score": 0.9835,
    "recall": 0.9933,
    "precision": 0.9739,
    "optimal_threshold": 0.24,
    "cv_auc_mean": 0.9998,
    "cv_auc_std": 0.0,
    "confusion_matrix": [
      [
        845,
        5
      ],
      [
        0,
        150
      ]
    ],
    "pr_curve": {
      "precision": [
        0.15,
        0.15822784810126583,
        0.16759776536312848,
        0.17793594306049823,
        0.189873417721519,
        0.20352781546811397,
        0.21897810218978103,
        0.23734177215189872,
        0.25906735751295334,
        0.2846299810246679,
        0.31645569620253167,
        0.35545023696682465,
        0.4065040650406504,
        0.47468354430379744,
        0.5681818181818182,
        0.7109004739336493,
        0.9493670886075949,
        1.0,
        1.0,
        1.0
      ],
      "recall": [
        1.0,
        1.0,
        1.0,
        1.0,
        1.0,
        1.0,
        1.0,
        1.0,
        1.0,
        1.0,
        1.0,
        1.0,
        1.0,
        1.0,
        1.0,
        1.0,
        1.0,
        0.7066666666666667,
        0.35333333333333333,
        0.0
      ]
    }
  },
  "all_results": {
    "logistic_regression": {
      "accuracy": 0.995,
      "roc_auc": 0.9999,
      "f1_score": 0.9835,
      "recall": 0.9933,
      "precision": 0.9739,
      "optimal_threshold": 0.24,
      "cv_auc_mean": 0.9998,
      "cv_auc_std": 0.0,
      "confusion_matrix": [
        [
          845,
          5
        ],
        [
          0,
          150
        ]
      ],
      "pr_curve": {
        "precision": [
          0.15,
          0.15822784810126583,
          0.16759776536312848,
          0.17793594306049823,
          0.189873417721519,
          0.20352781546811397,
          0.21897810218978103,
          0.23734177215189872,
          0.25906735751295334,
          0.2846299810246679,
          0.31645569620253167,
          0.35545023696682465,
          0.4065040650406504,
          0.47468354430379744,
          0.5681818181818182,
          0.7109004739336493,
          0.9493670886075949,
          1.0,
          1.0,
          1.0
        ],
        "recall": [
          1.0,
          1.0,
          1.0,
          1.0,
          1.0,
          1.0,
          1.0,
          1.0,
          1.0,
          1.0,
          1.0,
          1.0,
          1.0,
          1.0,
          1.0,
          1.0,
          1.0,
          0.7066666666666667,
          0.35333333333333333,
          0.0
        ]
      }
    },
    "random_forest": {
      "accuracy": 0.994,
      "roc_auc": 0.9998,
      "f1_score": 0.98,
      "recall": 0.98,
      "precision": 0.98,
      "optimal_threshold": 0.27,
      "cv_auc_mean": 0.9999,
      "cv_auc_std": 0.0001,
      "confusion_matrix": [
        [
          846,
          4
        ],
        [
          0,
          150
        ]
      ],
      "pr_curve": {
        "precision": [
          0.15,
          0.18472906403940886,
          0.20161290322580644,
          0.2170767004341534,
          0.23148148148148148,
          0.25,
          0.26929982046678635,
          0.2912621359223301,
          0.3177966101694915,
          0.34965034965034963,
          0.3865979381443299,
          0.43352601156069365,
          0.4918032786885246,
          0.5859375,
          0.7075471698113207,
          0.8771929824561403,
          1.0,
          1.0,
          1.0,
          1.0
        ],
        "recall": [
          1.0,
          1.0,
          1.0,
          1.0,
          1.0,
          1.0,
          1.0,
          1.0,
          1.0,
          1.0,
          1.0,
          1.0,
          1.0,
          1.0,
          1.0,
          1.0,
          0.86,
          0.5866666666666667,
          0.30666666666666664,
          0.0
        ]
      }
    },
    "gradient_boosting": {
      "accuracy": 0.993,
      "roc_auc": 0.9997,
      "f1_score": 0.9766,
      "recall": 0.9733,
      "precision": 0.9799,
      "optimal_threshold": 0.23,
      "cv_auc_mean": 0.9999,
      "cv_auc_std": 0.0002,
      "confusion_matrix": [
        [
          846,
          4
        ],
        [
          1,
          149
        ]
      ],
      "pr_curve": {
        "precision": [
          0.15,
          0.1594048884165781,
          0.1889168765743073,
          0.20804438280166435,
          0.22692889561270801,
          0.24429967426710097,
          0.25951557093425603,
          0.2952755905511811,
          0.3246753246753247,
          0.35799522673031026,
          0.4,
          0.45045045045045046,
          0.5050505050505051,
          0.5769230769230769,
          0.6666666666666666,
          0.7936507936507936,
          0.9738562091503268,
          1.0,
          1.0,
          1.0
        ],
        "recall": [
          1.0,
          1.0,
          1.0,
          1.0,
          1.0,
          1.0,
          1.0,
          1.0,
          1.0,
          1.0,
          1.0,
          1.0,
          1.0,
          1.0,
          1.0,
          1.0,
          0.9933333333333333,
          0.7866666666666666,
          0.5466666666666666,
          0.0
        ]
      }
    },
    "xgboost": {
      "accuracy": 0.993,
      "roc_auc": 0.9998,
      "f1_score": 0.9767,
      "recall": 0.98,
      "precision": 0.9735,
      "optimal_threshold": 0.19,
      "cv_auc_mean": 0.9999,
      "cv_auc_std": 0.0002,
      "confusion_matrix": [
        [
          844,
          6
        ],
        [
          0,
          150
        ]
      ],
      "pr_curve": {
        "precision": [
          0.15,
          0.16129032258064516,
          0.1720183486238532,
          0.18315018315018314,
          0.1953125,
          0.21008403361344538,
          0.22624434389140272,
          0.24469820554649266,
          0.2664298401420959,
          0.29239766081871343,
          0.32608695652173914,
          0.36585365853658536,
          0.4166666666666667,
          0.4838709677419355,
          0.5769230769230769,
          0.7142857142857143,
          0.9375,
          1.0,
          1.0,
          1.0
        ],
        "recall": [
          1.0,
          1.0,
          1.0,
          1.0,
          1.0,
          1.0,
          1.0,
          1.0,
          1.0,
          1.0,
          1.0,
          1.0,
          1.0,
          1.0,
          1.0,
          1.0,
          1.0,
          0.7333333333333333,
          0.38,
          0.0
        ]
      }
    }
  },
  "feature_importances": {
    "claim_amount": 0.3490655114579723,
    "premium_amount": 0.7247580025312059,
    "claim_to_premium_ratio": 0.4859787479558145,
    "time_since_policy_start": 2.9622536357817673,
    "claim_frequency": 1.6902483510138444,
    "suspicious_amount_flag": 0.7587711171448644,
    "incident_severity": 3.0871636150191923,
    "location_risk": 2.4520209114110725,
    "weekend_holiday_flag": 0.5996554184629648,
    "late_reporting_flag": 0.6429027583158214,
    "repair_shop_repetition": 2.2216922528346448,
    "is_vehicle_claim": 0.18975539314343806,
    "is_health_claim": 0.18650896845541406,
    "is_property_claim": 0.2361681911425336
  },
  "optimal_threshold": 0.24,
  "trained_at": "2026-02-27T11:08:26.087295",
  "n_train_samples": 6800,
  "n_test_samples": 1000,
  "smote_applied": true,
  "feature_names": [
    "claim_amount",
    "premium_amount",
    "claim_to_premium_ratio",
    "time_since_policy_start",
    "claim_frequency",
    "suspicious_amount_flag",
    "incident_severity",
    "location_risk",
    "weekend_holiday_flag",
    "late_reporting_flag",
    "repair_shop_repetition",
    "is_vehicle_claim",
    "is_health_claim",
    "is_property_claim"
  ]
}